﻿Progress,Statement
,
Start :-," Get All Configuration Parameters"
"Execution Started at : ",23-May-2018 06:03:36 PM
Start :-,"Get current user name : "
End :-," Get current user name "
User Name :-,' pratambe '
Start :-,Get month & Year
End :-,Get month & Year
End :-,Get All Configuration Parametersr
User Id : pratambe,
"Start : ",Initial Operations
"Start : "," Initial CleanUp & Deletion Of Files"
"Start : "," CleanUp"
"End : "," CleanUp"
"End : "," Delete Files"
"End : "," Delete Files"
"End : ","  Initial CleanUp and Deletion of Files"
"Start : ",Search/Copy /Base File to Temporary Folder
"Start : ",copying files...
"End : ",copy Master BOT File
"Start : ",copy Master BOT File
"End : ",copying files ended
"End : ",Initial Operation
"End : "," Main Init State "
"Start : "," Main - Get Transaction Data "
"End : "," Main - Get Transaction Data "
"Start : "," Main - Process the current Transaction Item "
"Start : "," Process Transaction "
