﻿Progress,Statement
,
Start :-," Get All Configuration Parameters"
"Execution Started at : ",21-May-2018 05:45:46 PM
Start :-,"Get current user name : "
End :-," Get current user name "
User Name :-,' pratambe '
Start :-,Get month & Year
End :-,Get month & Year
End :-,Get All Configuration Parametersr
User Id : pratambe,
"Start : ",Initial Operations
"Start : "," Initial CleanUp & Deletion Of Files"
"Start : "," CleanUp"
"End : "," CleanUp"
"End : "," Delete Files"
"End : "," Delete Files"
"End : ","  Initial CleanUp and Deletion of Files"
"Start : ",Search/Copy /Base File to Temporary Folder
"Start : ",copying files...
"Exception Occurred :- ",Could not find the required file at :- '\\ntbomfs001\Finance_DATABASE_RPA$\P&L\Actuals in Hyperion\Apr 18\P&L\Actual_18_Load_Template P&L YTD.xls' in Shared Folder. '
