﻿Progress,Statement
,
Start :-," Get All Configuration Parameters"
"Execution Started at : ",26-May-2018 04:15:48 PM
Start :-,"Get current user name : "
End :-," Get current user name "
User Name :-,' pratambe '
Start :-,Get month & Year
End :-,Get month & Year
End :-,Get All Configuration Parametersr
"End : "," Main Init State "
"Start : "," Main - Get Transaction Data "
"End : "," Main - Get Transaction Data "
"Start : "," Main - Process the current Transaction Item "
"Start : "," Process Transaction "
