﻿Progress,Statement
,
Start :-," Get All Configuration Parameters"
"Execution Started at : ",01-Jun-2018 07:24:25 PM
Start :-,"Get current user name : "
End :-," Get current user name "
User Name :-,' gasumit '
Start :-,Get month & Year
End :-,Get month & Year
End :-,Get All Configuration Parametersr
"Start : "," Initialization Sequence "
"Start : "," Login Process "
"Start : "," Opening Browser "
"End : "," Opening Browser "
"End : "," Login Process "
"End : "," Initialization Sequence "
"End : "," Main Init State "
"Start : "," Main - Get Transaction Data "
"End : "," Main - Get Transaction Data "
"Start : "," Main - Process the current Transaction Item "
"Start : "," Process Transaction "
