﻿Progress,Statement
,
Start :-," Get All Configuration Parameters"
"Execution Started at : ",17-May-2018 05:52:25 PM
Start :-,"Get current user name : "
End :-," Get current user name "
User Name :-,' gasumit '
Start :-,Get month & Year
End :-,Get month & Year
End :-,Get All Configuration Parametersr
User Id : gasumit,
"Start : ",Initial Operations
"Start : "," Initial CleanUp & Deletion Of Files"
"Start : "," CleanUp"
"End : "," CleanUp"
"End : "," Delete Files"
"End : "," Delete Files"
"End : ","  Initial CleanUp and Deletion of Files"
"Start : ",Search/Copy /Base File to Temporary Folder
"Start : ",copying files...
"End : ",copy Master BOT File
"Start : ",copy Master BOT File
"End : ",copying files ended
"End : ",Initial Operation
"Start : "," Initialization Sequence "
"Start : "," Read BU Names Sequence "
"End : "," Read BU Names Sequence "
"Start : "," Login Process "
"Start : "," Opening Browser "
"End : "," Opening Browser "
"End : "," Login Process "
"End : "," Initialization Sequence "
"End : "," Main Init State "
"Start : "," Main - Get Transaction Data "
"End : "," Main - Get Transaction Data "
"Start : "," Main - Process the current Transaction Item "
"Start : "," Process Transaction "
"Start : "," Downloading Files "
"Start : "," PnL Sequence "
