<?xml version="1.0" encoding="ISO-8859-1"?>
<Configuration>
<!--<Shared_FilePath>\\punnfil02\Reporting and Analytics COE$\Reports\Karine\Global Reporting\Actual Deck\</Shared_FilePath> -->

<Shared_FilePath>SharedPath</Shared_FilePath>
<ErrorLog_FilePath>ErrorLog\KPI_Structure_Update_ErrorLog\</ErrorLog_FilePath>
<ScreenshotFolderName>KPI_Structure_Update_Screenshot\</ScreenshotFolderName>
<GenericException_FilePath>GenericException.xaml</GenericException_FilePath>
<TroomURL>\\troom.capgemini.com@SSL\DavWWWRoot\sites\gfs\hfm\Guidelines  business rules\</TroomURL>
<OutputFileSearch_Criteria>HFM_CURRENT_DIM_</OutputFileSearch_Criteria>
<OutputFolderName>KPI_AS\</OutputFolderName>
<OutputFileName>KPI File_ARVE Blended Month Actual.xlsx</OutputFileName>
<TemporaryFileName>Temporary.xlsx</TemporaryFileName>
<Troom_Output_NetworkPath>\\troom.capgemini.com@SSL\DavWWWRoot\sites\gfs\hfm\Guidelines  business rules\GRSYY_Templates\Output\</Troom_Output_NetworkPath>
<TemplateFolderName>Template\</TemplateFolderName>
<TemplateFileName>Template1.xlsm</TemplateFileName>
<LoginFileName>Login.xaml</LoginFileName>
<CleanUpFileName>CleanUp.xaml</CleanUpFileName>
<DeleteFileName>DeleteFiles.xaml</DeleteFileName>
<SmartViewCredential>SmartViewAccess</SmartViewCredential>

<!--Start: Macro Configuration-->
<KPIMacroFileName>HFM Filter Macros.xlsm</KPIMacroFileName>
<MacroNames>CS_OFFSHORE,CS_ONSHORE,PS_OFFSHORE,PS_ONSHORE,AS_OFFSHORE,AS_ONSHORE_BNL,AS_ONSHORE_CE,AS_ONSHORE_FRANCE,AS_ONSHORE_IBERIA,AS_ONSHORE_ITALY,AS_ONSHORE_LATAM,AS_ONSHORE_NO,AS_ONSHORE_UK,AS_ONSHORE_NA,AS_ONSHORE_APAC</MacroNames>
<RestoreMacroName>RESTORE_PREVIOUS</RestoreMacroName>
<!--End  : Macro Configuration-->

<!--Start: Temporary Excel File Configuration-->
<TemporarySheetNames>CS_OffShore,CS_OnShore,PS_OffShore,PS_OnShore,AS_OffShore,AS_OnShore_BNL,AS_OnShore_CE,AS_OnShore_FRANCE,AS_OnShore_IBERIA,AS_OnShore_ITALY,AS_OnShore_LATAM,AS_OnShore_NO,AS_OnShore_UK,AS_OnShore_NA,AS_OnShore_APAC</TemporarySheetNames>
<!--End  : Temporary Excel File Configuration-->

<!--Start: KPI Excel File Configuration-->
<KPIFileSheetNames>ARVE YOY CS,ARVE YOY CS,ARVE YOY PS,ARVE YOY PS,ARVE YOY AS,ARVE YOY AS</KPIFileSheetNames>
<KPIFileKeywords>Group CS Offshore,Group CS Onshore,Group PS Offshore,Group PS Onshore,Group AS Offshore,BNL,CE,FR,IB,IT,LATAM,NO,UK,NA,APAC</KPIFileKeywords>
<KPIFileUpdateColumnNames>Member,HC Country,Geography</KPIFileUpdateColumnNames>
<KPIFileUpdateColumnFirstCharacters>A,B,D</KPIFileUpdateColumnFirstCharacters>
<KPIFileKeyword1>A1</KPIFileKeyword1>
<!--End  : KPI Excel File Configuration-->

<!--Start: HFM File Configuration-->
<HFMFileKeyword1>ENTITY</HFMFileKeyword1>
<HFMFileKeyword2>Structure</HFMFileKeyword2>
<!--End  : HFM File Configuration-->

</Configuration>


