<?xml version="1.0" encoding="ISO-8859-1"?>
<Configuration>

<!-- <Shared_FilePath>D:\Users\gasumit\Documents\FinanceCOE\SharedPath\</Shared_FilePath> -->
<Shared_FilePath>\\punnfil02\Reporting and Analytics COE$\Reports\Karine\Global Reporting\Actual Deck\Booking Evolution\</Shared_FilePath>
<ErrorLog_FilePath>ErrorLog\Booking_Evolution\</ErrorLog_FilePath>
<Booking_Evolution_FileName>Booking evolution Quarter Year.xlsx</Booking_Evolution_FileName>
<GenericException_FilePath>GenericException.xaml</GenericException_FilePath>
<ScreenshotFolderPath>ErrorLog\Booking_Evolution\Booking_Evolution_Screenshot</ScreenshotFolderPath>
<TemporaryFolderPath>Temp\Booking_Evolution\</TemporaryFolderPath>
<TemplateFolderPath>Template\Booking_Evolution\</TemplateFolderPath>
<CleanUpFilePath>CleanUp.xaml</CleanUpFilePath>
<DeleteFilePath>DeleteFiles.xaml</DeleteFilePath>
<SearchKeyword_FileName>Search Keyword.xaml</SearchKeyword_FileName>
<FindCellRange_FileName>Find Cell Range.xaml</FindCellRange_FileName>
<SendMailTo_Developer_FileName>SendMailToDeveloper.xaml</SendMailTo_Developer_FileName>
<TroomExcelManipulation_FileName>TroomExcelManipulation.xaml</TroomExcelManipulation_FileName>
<SearchCopyPaste_FileName>SearchCopyPasteFiles.xaml</SearchCopyPaste_FileName>
<SmartViewCredentials>SmartViewAccess</SmartViewCredentials>
<SmartViewLoginFileName>Login</SmartViewLoginFileName>
<OutputFileSearch_Criteria>HFM_CURRENT_DIM_</OutputFileSearch_Criteria>
<EnableAddInFileName>EnableAddin.xaml</EnableAddInFileName>
<TroomURL>\\troom.capgemini.com@SSL\DavWWWRoot\sites\gfs\hfm\Guidelines%20%20business rules\</TroomURL>
<TemporaryFileName>Temporary.xlsx</TemporaryFileName>
<TimeOut>5000</TimeOut>

<!-- Start: HFM File Configuration -->
<HFMSheetName>ENTITY</HFMSheetName>
<HFMCellRange1>U8</HFMCellRange1>
<!-- End  : HFM File Configuration -->

<!-- Start: Macro Configuration -->
<MacroFileName>Booking_Evolution_Macros.xlsm</MacroFileName>
<MacroNames>CS_FILTER,PS_FILTER,TS_FILTER,AS_FILTER,AM_FILTER,IM_FILTER,BPO_FILTER,ND_FILTER</MacroNames>
<ExpandAllMacroName>ExpandAll</ExpandAllMacroName>
<CollapseAllMacroName>CollapseAll</CollapseAllMacroName>
<ClearAllMacroName>CLEAR_ALL</ClearAllMacroName>
<!-- End  : Macro Configuration -->

<!-- Start: Booking Evolution Configuration -->
<BE_Sheet1_Name>retrieve Conso rate Year</BE_Sheet1_Name>
<BE_Sheet2_Name>Published</BE_Sheet2_Name>
<BE_Sheet3_Name>retrieve </BE_Sheet3_Name>
<BE_REGIONS>CS,PS,TS,AS,AM,IM,BPO,ND</BE_REGIONS>
<BE_Keyword1>GROUP</BE_Keyword1>
<BE_Keyword2>adjustment of sum</BE_Keyword2>
<BE_Keyword3>Adjustment</BE_Keyword3>
<ChartNames>Chart 142,Chart 142,Chart 1045</ChartNames>
<!-- End  : Booking Evolution Configuration -->


<!--Start Prep and checking-->
<Exception_FilePath>Exception.xaml</Exception_FilePath>
<SmartviewRefresh>Refresh Smart View.xaml</SmartviewRefresh>

<BookingEvolution_Sheet1>POV</BookingEvolution_Sheet1>
<BookingEvolution_Sheet2>Published</BookingEvolution_Sheet2>

<BookingEvolution_Sheet3>retrieve Conso rate 17</BookingEvolution_Sheet3>
	<BookingEvolution_Sheet3_Keysheet1>Final</BookingEvolution_Sheet3_Keysheet1>
	<BookingEvolution_Sheet3_Keysheet2>Row Labels</BookingEvolution_Sheet3_Keysheet2>
	<BookingEvolution_Sheet3_Keysheet2Range1>B1</BookingEvolution_Sheet3_Keysheet2Range1>


<BookingEvolution_Sheet4>retrieve </BookingEvolution_Sheet4>

<BookingEvolution_Sheet5>rate</BookingEvolution_Sheet5>
	<BookingEvolution_Sheet5_Keysheet1>Budget</BookingEvolution_Sheet5_Keysheet1>
	<BookingEvolution_Sheet5_Keysheet2>Currency</BookingEvolution_Sheet5_Keysheet2>
	<BookingEvolution_Sheet5_Range1>B52</BookingEvolution_Sheet5_Range1>

<BookingEvolution_Sheet6>FS Adj</BookingEvolution_Sheet6>

<RateUpdation_URL>\\punnfil02\Reporting and Analytics COE$\Reports\Karine\Global Reporting\Actual Deck\Booking Evolution\Year\Rate File\</RateUpdation_URL>
<Rate_File_Name>Rates.xlsx</Rate_File_Name>
<Rate_File_SheetName>Feuil1</Rate_File_SheetName>
<Rate_File_Range1>B55</Rate_File_Range1>
<Rate_File_Range2>C55</Rate_File_Range2>
<Rate_File_Range3>D55</Rate_File_Range3>
<Temp_Sheet>Sheet1</Temp_Sheet>
<!--End Prep and checking-->

<!-- Start : Email -->
<Mail_TO>gaurav.sumit@capgemini.com</Mail_TO>
<Mail_CC>gaurav.sumit@capgemini.com</Mail_CC>

<Mail_Subject>Booking Evolution</Mail_Subject>
<Mail_Body>Email_Body_Template_Check.txt</Mail_Body>
<Mail_Body_FinalCheck>Email_Body_Template_FinalCheck.txt</Mail_Body_FinalCheck>

<Success_Mail_Subject>Booking Evolution paste special file and screenshots of charts for Quarter quarter</Success_Mail_Subject>
<Success_Mail_Body>Booking_Evolution_Mail.txt</Success_Mail_Body>
<Success_Mail_To>rohit.malhotra@capgemini.com</Success_Mail_To>

<MailToDeveloper>rohit.malhotra@capgemini.com</MailToDeveloper>
<MailCCDeveloper>gaurav.sumit@capgemini.com</MailCCDeveloper>
<!-- End : Email -->

</Configuration>


