<?xml version="1.0" encoding="ISO-8859-1"?>
<Configuration>

<!-- <Shared_FilePath>D:\Users\rohmalho\Documents\FinanceCOE\SharedPath\</Shared_FilePath> -->

<Shared_FilePath>\\punnfil02\Reporting and Analytics COE$\Reports\Karine\Global Reporting\Group Reporting Automation\</Shared_FilePath>
<ErrorLog_FilePath>ErrorLog\Cash_Flash\</ErrorLog_FilePath>
<Cash_Flash_FileName>Cash Summary Forecast Month.xlsb</Cash_Flash_FileName>
<GenericException_FilePath>GenericException.xaml</GenericException_FilePath>
<ScreenshotFolderName>ErrorLog\Cash_Flash\Cash_Flash_Screenshot</ScreenshotFolderName>
<TemporaryFolderPath>Temp\Cash_Flash</TemporaryFolderPath>
<TemplateFolderName>Template\Cash Flash\</TemplateFolderName>
<CleanUpFilePath>CleanUp.xaml</CleanUpFilePath>
<DeleteFilePath>DeleteFiles.xaml</DeleteFilePath>
<SmartViewCredentials>SmartViewAccess</SmartViewCredentials>
<SmartViewLoginFileName>Login</SmartViewLoginFileName>
<TroomURL>\\troom.capgemini.com@SSL\DavWWWRoot\sites\gfs\hfm\Guidelines%20%20business rules\</TroomURL>
<OutputFileSearch_Criteria>HFM_CURRENT_DIM_</OutputFileSearch_Criteria>
<EnableAddInFileName>EnableAddin.xaml</EnableAddInFileName>

<!--  Start : HFM Dimension File Configuration-->
<HFM_FILE_Keyword1>Analysis2</HFM_FILE_Keyword1>
<HFM_FILE_Keyword2>A1</HFM_FILE_Keyword2>
<HFM_FILE_Keyword3>CASH_REGION</HFM_FILE_Keyword3>
<HFM_FILE_Keyword4>S285</HFM_FILE_Keyword4>
<!--  End  : HFM Dimension File Configuration-->

<!-- Start : Cash Summary File Configuration-->
<CashSummarySheetName>Data_FCF_Q1,Data_FCF_H1,Data_FCF_FY,Data_FCF,Cashflow Line Drill (F),CF Line Drill (entities)</CashSummarySheetName>
<CashRegionSheetName>CR-FR,CR-NA,CR-UK,CR-FS,CR-NO,CR-BNL,CR-CE,CR-LATAM,CR-IB,CR-IT ,CR-APAC,CR-ID,CR-HOLD,CR-ADJ</CashRegionSheetName>
<CashRegionName>France,NA,UK,FS,Nordics,Benelux,CE &amp; EE,LATAM,Iberia,Italy,Apac,India,Holding,Adjust</CashRegionName>
<OldCashRegionCode>CR_FR_T,CR_NA_T,CR_UK_T,CR_FS_T,CR_NO,CR_BNL,CR_CE,CR_LATAM,CR_IB_T,CR_IT,CR_APAC,CR_ID_T,CR_HOLD,CR_ADJ</OldCashRegionCode>
<CashSummaryTopRange>24,24,24,24,22,85</CashSummaryTopRange>
<CashSummaryBottomRange>40,40,40,37,35,102</CashSummaryBottomRange> 
<CountryCodeCharacter>B,B,B,B,C,A</CountryCodeCharacter>
<CountryCharacter>D,D,D,D,E,B</CountryCharacter>
<CashRegionInitialCode>CR_</CashRegionInitialCode>
<!-- End   : Cash Summary File Configuration-->

<!-- Start : Macro Configuration -->
<MacroTemplateFileName>Template1.xlsm</MacroTemplateFileName>
<MacroName>Macro1</MacroName>
<ExpandAllMacroName>ExpandAll</ExpandAllMacroName>
<CollapseAllMacroName>CollapseAll</CollapseAllMacroName>
<!-- End   : Macro Configuration -->

<!-- Start : EMail Configuration -->
<MailBodyFilename>MailBody.txt</MailBodyFilename>
<MailTo></MailTo>
<MailCC></MailCC>
<MailBCC></MailBCC>
<MailToDeveloper>rohit.malhotra@capgemini.com</MailToDeveloper>
<MailCCDeveloper>amol.kapse@capgemini.com</MailCCDeveloper>
<MailSubjectText>Cash Summary Forecast Analysis Report</MailSubjectText>
<!-- End   : EMail Configuration -->

<!--  Start : Cash Summary Sheet 1  -->
<Cash_Summary_Forecast_Sheet1>POV</Cash_Summary_Forecast_Sheet1>
<Cash_Summary_Forecast_Sheet1_Keyword1>Forecast</Cash_Summary_Forecast_Sheet1_Keyword1>
<!--  End : Cash Summary Sheet 1 -->

<!--  Start : Cash Summary Sheet 2  -->
<Cash_Summary_Forecast_Sheet2>Flash</Cash_Summary_Forecast_Sheet2>
<Cash_Summary_Forecast_Sheet2_Keyword1>Free Cashflow   - Quarter  ( m?)</Cash_Summary_Forecast_Sheet2_Keyword1>
<Cash_Summary_Forecast_Sheet2_Keyword2>Cash Region</Cash_Summary_Forecast_Sheet2_Keyword2>
<Cash_Summary_Forecast_Sheet2_Keyword3> F-F'</Cash_Summary_Forecast_Sheet2_Keyword3>
<Cash_Summary_Forecast_Sheet2_Keyword4>Group</Cash_Summary_Forecast_Sheet2_Keyword4>
<!--  End : Cash Summary Sheet 2 -->


<!--  Start : Cash Summary Sheet 3 -->
<Cash_Summary_Forecast_Sheet3>CF Line Drill (entities)</Cash_Summary_Forecast_Sheet3>
<Cash_Summary_Forecast_Sheet3_CellRange1>H18</Cash_Summary_Forecast_Sheet3_CellRange1>
<Cash_Summary_Forecast_Sheet3_CellRange2>E23</Cash_Summary_Forecast_Sheet3_CellRange2>
<Cash_Summary_Forecast_Sheet3_CellRange3>H23</Cash_Summary_Forecast_Sheet3_CellRange3>
<Cash_Summary_Forecast_Sheet3_CellRange4>H44</Cash_Summary_Forecast_Sheet3_CellRange4>
<Cash_Summary_Forecast_Sheet3_Keyword1>Region Total</Cash_Summary_Forecast_Sheet3_Keyword1>
<Cash_Summary_Forecast_Sheet3_Keyword2>F</Cash_Summary_Forecast_Sheet3_Keyword2>
<Cash_Summary_Forecast_Sheet3_Keyword3>F'</Cash_Summary_Forecast_Sheet3_Keyword3>
<!--  End : Cash Summary Sheet 3 -->

<!--  Start : Cash Summary Sheet 4 -->
<Cash_Summary_Forecast_Sheet4>CF Region Drill</Cash_Summary_Forecast_Sheet4>
<Cash_Summary_Forecast_Sheet4_CellRange1>F18</Cash_Summary_Forecast_Sheet4_CellRange1>
<Cash_Summary_Forecast_Sheet4_CellRange2>E23</Cash_Summary_Forecast_Sheet4_CellRange2>
<Cash_Summary_Forecast_Sheet4_CellRange3>E37</Cash_Summary_Forecast_Sheet4_CellRange3>
<Cash_Summary_Forecast_Sheet4_CellRange4>H23</Cash_Summary_Forecast_Sheet4_CellRange4>
<Cash_Summary_Forecast_Sheet4_CellRange5>H37</Cash_Summary_Forecast_Sheet4_CellRange5>
<Cash_Summary_Forecast_Sheet4_CellRange6>H54</Cash_Summary_Forecast_Sheet4_CellRange6>
<Cash_Summary_Forecast_Sheet4_CellRange7>E54</Cash_Summary_Forecast_Sheet4_CellRange7>
<Cash_Summary_Forecast_Sheet4_CellRange8>H54</Cash_Summary_Forecast_Sheet4_CellRange8>
<!--  End  : Cash Summary Sheet 4 -->

<!--  Start: Cash Summary Sheet 5 -->
<Cash_Summary_Forecast_Sheet5>Data_FCF_Q1</Cash_Summary_Forecast_Sheet5>
<Cash_Summary_Forecast_Sheet5_CellRange1>A1</Cash_Summary_Forecast_Sheet5_CellRange1>
<Cash_Summary_Forecast_Sheet5_Keyword1>Free Cashflow   - Q1  ( m?)</Cash_Summary_Forecast_Sheet5_Keyword1>
<Cash_Summary_Forecast_Sheet5_Keyword2>Check</Cash_Summary_Forecast_Sheet5_Keyword2>
<!--  End  : Cash Summary Sheet 5 -->

<!--  Start: Cash Summary Sheet 6 -->
<Cash_Summary_Forecast_Sheet6>Review Level</Cash_Summary_Forecast_Sheet6>
<Cash_Summary_Forecast_Sheet6_CellRange1>C2</Cash_Summary_Forecast_Sheet6_CellRange1>
<Cash_Summary_Forecast_Sheet6_Keyword1>FORECAST_</Cash_Summary_Forecast_Sheet6_Keyword1>
<Cash_Summary_Forecast_Sheet6_Keyword2>GOP</Cash_Summary_Forecast_Sheet6_Keyword2>
<Cash_Summary_Forecast_Sheet6_Keyword3>Review Level 5</Cash_Summary_Forecast_Sheet6_Keyword3>
<!--  End  : Cash Summary Sheet 6 -->

<CalendarFilePath>Template\YYYY Group Finance Reporting Timetable.xlsx</CalendarFilePath>

</Configuration>


