<?xml version="1.0" encoding="ISO-8859-1"?>
<Configuration>

<Shared_FilePath>D:\Users\username\Documents\FinanceCOE\SharedPath\SBU Control File\</Shared_FilePath>
<!-- <Shared_FilePath>\\punnfil02\Reporting and Analytics COE$\Reports\Karine\Global Reporting\Actual Deck</Shared_FilePath> -->
<ErrorLog_FilePath>ErrorLog\SBU_Control_File\</ErrorLog_FilePath>
<ScreenshotFolderPath>ErrorLog\SBU_Control_File\SBU_Control_File_Screenshot</ScreenshotFolderPath>
<TemporaryFolderPath>Temp\SBU_Control_File\</TemporaryFolderPath>
<TemplateFolderPath>Template\SBU_Control_File\</TemplateFolderPath>
<CleanUpFilePath>CleanUp.xaml</CleanUpFilePath>
<DeleteFilePath>DeleteFiles.xaml</DeleteFilePath>
<GenericException_FilePath>GenericException.xaml</GenericException_FilePath>
<EnableAddInFileName>EnableAddin.xaml</EnableAddInFileName>
<TroomExcelManipulation_FileName>TroomExcelManipulation.xaml</TroomExcelManipulation_FileName>
<SearchCopyPaste_FileName>SearchCopyPasteFiles.xaml</SearchCopyPaste_FileName>
<SearchKeyword_FileName>Search Keyword.xaml</SearchKeyword_FileName>
<FindCellRange_FileName>Find Cell Range.xaml</FindCellRange_FileName>
<SmartViewCredentials>SmartViewAccess</SmartViewCredentials>
<SmartViewLoginFileName>Login</SmartViewLoginFileName>
<OutputFileSearch_Criteria>HFM_CURRENT_DIM_</OutputFileSearch_Criteria>
<TroomURL>\\troom.capgemini.com@SSL\DavWWWRoot\sites\gfs\hfm\Guidelines%20%20business rules\</TroomURL>
<Adhoc_File_Name>Adhoc for SBU Control file.xlsx</Adhoc_File_Name>
<Structure_Update_Filter_FileName>Structure Update_Check_Filters.xlsx</Structure_Update_Filter_FileName>
<SBU_Control_FileName>SBU Control File Month Year Actual.xlsm</SBU_Control_FileName>
<TimeOut>5000</TimeOut>

<!-- Start : HFM DIM File Configuration -->
<HFM_Sheet1_Name>ENTITY</HFM_Sheet1_Name>
<HFM_CellRange1>A8</HFM_CellRange1>
<MacroFileName>SBU_Control_File_Macro.xlsm</MacroFileName>
<ClearAllMacroName>CLEAR_ALL</ClearAllMacroName>
<!-- End   : HFM DIM File Configuration -->

<!-- Start : Structure Update Filter File Configuration-->
<SUF_Sheet1_Name>DIM</SUF_Sheet1_Name>
<SUF_Sheet2_Name>Comparison</SUF_Sheet2_Name>
<SUF_CellRange1>V3</SUF_CellRange1>
<SUF_Keyword1>Flag</SUF_Keyword1>
<SUF_Keyword2>COUNT</SUF_Keyword2>
<!-- End   : Structure Update Filter File Configuration-->

<!-- Start : SBU Control File Configuration -->
<ExpandAllMacroName>ExpandAll</ExpandAllMacroName>
<CollapseAllMacroName>CollapseAll</CollapseAllMacroName>
<SBUNames>APPS1,APPS2,FS,SOG,INFRA,CC,BUSSERV,IBSA</SBUNames>
<SBUFile_SheetNames>POV,Cross Check -Phase1,Cross Check -Phase2 .,KPI PERIODIC.,CAPEX,GOP  View Summary,GOP  View Summary (2)</SBUFile_SheetNames>
<SBU_EntityCount_CellRanges>C24,A5,B5,A15,A23,A17,A17</SBU_EntityCount_CellRanges>
<!-- End   : SBU Control File Configuration -->


</Configuration>


